feature,count,mean,std,min,25%,50%,75%,max
sepal length (cm),150.0,5.843333333333334,0.828066127977863,4.3,5.1,5.8,6.4,7.9
sepal width (cm),150.0,3.0573333333333337,0.4358662849366982,2.0,2.8,3.0,3.3,4.4
petal length (cm),150.0,3.7580000000000005,1.7652982332594662,1.0,1.6,4.35,5.1,6.9
petal width (cm),150.0,1.1993333333333336,0.7622376689603465,0.1,0.3,1.3,1.8,2.5
species,150.0,1.0,0.8192319205190405,0.0,0.0,1.0,2.0,2.0
