feature,count,mean,std,min,25%,50%,75%,max
sepal_area,150.0,17.822866666666663,3.361853582817707,10.0,15.66,17.66,20.325,30.02
petal_area,150.0,5.794066666666667,4.712389937356652,0.11000000000000001,0.42,5.615,9.69,15.87
